<application>
  <component name="FileTypeManager" version="17">
    <ignoreFiles list="*$py.class;*.hprof;*.pyc;*.pyo;*.rbc;*.yarb;*~;.DS_Store;.git;.hg;.svn;CVS;__pycache__;_svn;vssver.scc;vssver2.scc;" />
    <extensionMap>
      <mapping pattern="work_data" type="PLAIN_TEXT" />
      <mapping pattern=".flaskenv" type="PLAIN_TEXT" />
      <mapping pattern="requirements" type="PLAIN_TEXT" />
      <mapping ext="example" type="PLAIN_TEXT" />
      <mapping ext="s19" type="PLAIN_TEXT" />
      <mapping ext="doctree" type="PLAIN_TEXT" />
      <mapping ext="db" type="PLAIN_TEXT" />
      <mapping ext="po" type="PLAIN_TEXT" />
      <mapping pattern="constants" type="Python" />
    </extensionMap>
  </component>
</application>