<application>
  <component name="MaterialThemeConfig">
    <option name="isWizardShown" value="true" />
    <option name="pristineConfig" value="false" />
    <option name="indicatorThickness" value="4" />
    <option name="rightTreeIndent" value="6" />
    <option name="settingsSelectedTab" value="6" />
    <option name="accentColor" value="fafafa" />
    <option name="selectedTheme" value="ONE_DARK" />
    <option name="userId" value="-42fb4e4d:1697b695c66:-8000" />
    <option name="version" value="3.5.0.1" />
  </component>
</application>