<application>
  <component name="PropertiesComponent">
    <property name="AFTER.DISTRACTION.MODE.ARE_GUTTER_ICONS_SHOWN" value="false" />
    <property name="AFTER.DISTRACTION.MODE.ARE_LINE_NUMBERS_SHOWN" value="false" />
    <property name="AFTER.DISTRACTION.MODE.EDITOR_TAB_PLACEMENT" value="0" />
    <property name="AFTER.DISTRACTION.MODE.HIDE_TOOL_STRIPES" value="true" />
    <property name="AFTER.DISTRACTION.MODE.IS_FOLDING_OUTLINE_SHOWN" value="false" />
    <property name="AFTER.DISTRACTION.MODE.IS_INDENT_GUIDES_SHOWN" value="false" />
    <property name="AFTER.DISTRACTION.MODE.IS_RIGHT_MARGIN_SHOWN" value="false" />
    <property name="AFTER.DISTRACTION.MODE.IS_WHITESPACES_SHOWN" value="false" />
    <property name="AFTER.DISTRACTION.MODE.SHOW_BREADCRUMBS" value="false" />
    <property name="AFTER.DISTRACTION.MODE.SHOW_MAIN_TOOLBAR" value="false" />
    <property name="AFTER.DISTRACTION.MODE.SHOW_METHOD_SEPARATORS" value="false" />
    <property name="AFTER.DISTRACTION.MODE.SHOW_NAVIGATION_BAR" value="false" />
    <property name="AFTER.DISTRACTION.MODE.SHOW_STATUS_BAR" value="false" />
    <property name="BEFORE.DISTRACTION.MODE.ARE_GUTTER_ICONS_SHOWN" value="true" />
    <property name="BEFORE.DISTRACTION.MODE.ARE_LINE_NUMBERS_SHOWN" value="true" />
    <property name="BEFORE.DISTRACTION.MODE.EDITOR_TAB_PLACEMENT" value="1" />
    <property name="BEFORE.DISTRACTION.MODE.HIDE_TOOL_STRIPES" value="false" />
    <property name="BEFORE.DISTRACTION.MODE.IS_FOLDING_OUTLINE_SHOWN" value="true" />
    <property name="BEFORE.DISTRACTION.MODE.IS_INDENT_GUIDES_SHOWN" value="true" />
    <property name="BEFORE.DISTRACTION.MODE.IS_RIGHT_MARGIN_SHOWN" value="true" />
    <property name="BEFORE.DISTRACTION.MODE.IS_WHITESPACES_SHOWN" value="false" />
    <property name="BEFORE.DISTRACTION.MODE.SHOW_BREADCRUMBS" value="false" />
    <property name="BEFORE.DISTRACTION.MODE.SHOW_MAIN_TOOLBAR" value="true" />
    <property name="BEFORE.DISTRACTION.MODE.SHOW_METHOD_SEPARATORS" value="false" />
    <property name="BEFORE.DISTRACTION.MODE.SHOW_NAVIGATION_BAR" value="true" />
    <property name="BEFORE.DISTRACTION.MODE.SHOW_STATUS_BAR" value="false" />
    <property name="CUSTOMIZE_ACTIONS" value="jupyter&#10;sphinx&#10;sphi" />
    <property name="ColorChooser.RecentColors" value="6-56-8-255,,,38-144-233-255,,,255-131-0-255,,,200-128-128-255,,,200-200-200-255,,,165-165-165-255,,,128-128-128-255,,,143-143-143-255" />
    <property name="CommitChangeListDialog.DETAILS_SPLITTER_PROPORTION_2" value="0.672" />
    <property name="Copy.OpenInEditor" value="true" />
    <property name="Darcula.SavedEditorTheme" value="_@user_Night Owl (No Italic)" />
    <property name="Default.SavedEditorTheme" value="_@user_Default" />
    <property name="ExpandBeforeRunStepsPanel" value="true" />
    <property name="ExpandRunDashboardTypesPanel" value="false" />
    <property name="FileChooser.ShowPath" value="true" />
    <property name="FileTemplates.SelectedTemplate" value="Setup Script" />
    <property name="FindSplitterProportion" value="0.2536814" />
    <property name="InstalledPluginsSearchHistory" value="IPyth&#10;jupyter&#10;doc&#10;docstring&#10;map" />
    <property name="KEYMAP" value="delete line" />
    <property name="LAST_INJECTED_LANGUAGE" value="Python" />
    <property name="LayoutCode.codeCleanup" value="true" />
    <property name="LayoutCode.optimizeImports" value="false" />
    <property name="LayoutCode.processChangedText" value="false" />
    <property name="MemberChooser.copyJavadoc" value="false" />
    <property name="MemberChooser.showClasses" value="true" />
    <property name="PluginConfigurable.selectionTab" value="1" />
    <property name="PyCharm.InitialConfiguration" value="true" />
    <property name="PyCharm.InitialConfiguration.V2" value="true" />
    <property name="PyCharm.InitialConfiguration.V3" value="true" />
    <property name="PyCharm.InitialConfiguration.V4" value="true" />
    <property name="PyCharm.InitialConfiguration.V5" value="true" />
    <property name="PyCharm.InitialConfiguration.V6" value="true" />
    <property name="PyCharm.InitialConfiguration.V7" value="true" />
    <property name="PyCharm.initialConfigurationShown" value="true" />
    <property name="PythonUnitTestRunnerSupport.hidePassedTests" value="false" />
    <property name="SettingsSearchHistory" value="shortcut&#10;jupyter&#10;package&#10;doc&#10;terminal" />
    <property name="TextEditorWithPreviewLayout" value="Editor only" />
    <property name="TrendingPluginsSearchHistory" value="IPython&#10;jupyter&#10;autodoc&#10;docstring&#10;colorful" />
    <property name="UpdatePluginsSearchHistory" value="map" />
    <property name="com.intellij.history.integration.ui.views.FileHistoryDialog.0" value="300" />
    <property name="com.intellij.history.integration.ui.views.FileHistoryDialog.1" value="800" />
    <property name="export.settings.path" value="C:\Users\zalecki\Desktop\settings.zip" />
    <property name="file.chooser.recent.files" value="D:/PycharmProjects/weather_visualization&#10;D:/PycharmProjects/login_page&#10;D:/PycharmProjects/BOS3&#10;D:/PycharmProjects/home_manager&#10;D:/PycharmProjects/flask_tutorial/venv/Scripts/python.exe&#10;D:/PycharmProjects/flask_playground&#10;D:/PycharmProjects/BOS2&#10;D:/PycharmProjects/JiraPatch&#10;C:/Users/zalecki/PycharmProjects/BOS2&#10;C:/Users/zalecki/PycharmProjects/HiRO2.1&#10;C:/Users/zalecki/PycharmProjects/rpg_player&#10;C:/Users/zalecki/PycharmProjects/rpg_player-master&#10;C:/Users/zalecki/PycharmProjects/niemiecki&#10;C:/Users/zalecki/PycharmProjects/JiraPatch/venv/Scripts/python.exe&#10;C:/Users/zalecki/PycharmProjects/JiraPatch&#10;C:/Users/zalecki/PycharmProjects/deutsch_meister&#10;C:/Users/zalecki/PycharmProjects/JiraConnector&#10;C:/Windows/System32/cmd.exe&#10;C:/Program Files/Git/git-bash.exe&#10;C:/Users/zalecki/PycharmProjects/ReHiROMNI/ReHiRoMNI&#10;C:/Users/zalecki/AppData/Local/Programs/Python/Python37/python.exe&#10;C:/Users/zalecki/PycharmProjects/flask_tutorial/venv&#10;C:/Users/zalecki/PycharmProjects/flask_tutorial&#10;C:/Users/zalecki/reHiROmni/ReHiRoMNI/docs&#10;C:/Users/zalecki/PycharmProjects/shinx_test&#10;M:/MyDocuments/ReHiRoMNI/ReHiRoMNI&#10;C:/Windows/SysWOW64/WindowsPowerShell/v1.0/powershell.exe&#10;M:/MyDocuments/tutorials/machine_learning&#10;M:/MyDocuments/Python Scripts/data_analysis&#10;M:/MyDocuments/reHiRo" />
    <property name="file.gist.reindex.count" value="400895" />
    <property name="fileTypeChangedCounter" value="59" />
    <property name="find.popup.splitter" value="0.68560606" />
    <property name="lastTip" value="47" />
    <property name="mt.showStatisticsAgreement" value="true" />
    <property name="org.intellij.images.editor.actions.BackgroundImageDialog#recent" value="" />
    <property name="selected.color.option.type" value="DOCUMENTATION_COLOR" />
    <property name="settings.code.style.selected.tab.Python" value="Tabs and Indents" />
    <property name="settings.code.style.selected.tab.csv" value="Settings" />
  </component>
  <component name="PyTestFrameworkService">
    <option name="SDK_TO_PYTEST">
      <map>
        <entry key="C:\Users\zalecki\Anaconda3\envs\BOS2\python.exe" value="false" />
        <entry key="C:\Users\zalecki\AppData\Local\Programs\Python\Python35\python.exe" value="true" />
        <entry key="C:\Users\zalecki\AppData\Local\Programs\Python\Python37\python.exe" value="false" />
        <entry key="C:\Users\zalecki\AppData\Local\Programs\Python\Python38\python.exe" value="false" />
        <entry key="C:\Users\zalecki\PycharmProjects\BOS2\env\Scripts\python.exe" value="false" />
        <entry key="C:\Users\zalecki\PycharmProjects\JiraConnector35\venv\Scripts\python.exe" value="false" />
        <entry key="C:\Users\zalecki\PycharmProjects\JiraPatch\venv\Scripts\python.exe" value="false" />
        <entry key="C:\Users\zalecki\PycharmProjects\flask_tutorial\venv\Scripts\python.exe" value="false" />
        <entry key="C:\Users\zalecki\PycharmProjects\ml\venv\Scripts\python.exe" value="false" />
        <entry key="C:\Users\zalecki\PycharmProjects\my_flask\venv\Scripts\python.exe" value="false" />
        <entry key="C:\Users\zalecki\PycharmProjects\rpg_player-master\venv\Scripts\python.exe" value="false" />
        <entry key="C:\Users\zalecki\PycharmProjects\test_project\venv\Scripts\python.exe" value="false" />
        <entry key="D:\PycharmProjects\BOS2\venv\Scripts\python.exe" value="false" />
        <entry key="D:\PycharmProjects\BOS3\venv\Scripts\python.exe" value="false" />
        <entry key="D:\PycharmProjects\dash_tutorial\venv\Scripts\python.exe" value="false" />
        <entry key="D:\PycharmProjects\flask_playground\venv\Scripts\python.exe" value="false" />
        <entry key="D:\PycharmProjects\weather_visualization\venv\Scripts\python.exe" value="false" />
        <entry key="D:\Python\python.exe" value="true" />
      </map>
    </option>
    <option name="SDK_TO_NOSETEST">
      <map>
        <entry key="C:\Users\zalecki\Anaconda3\envs\BOS2\python.exe" value="false" />
        <entry key="C:\Users\zalecki\AppData\Local\Programs\Python\Python35\python.exe" value="false" />
        <entry key="C:\Users\zalecki\AppData\Local\Programs\Python\Python37\python.exe" value="false" />
        <entry key="C:\Users\zalecki\AppData\Local\Programs\Python\Python38\python.exe" value="false" />
        <entry key="C:\Users\zalecki\PycharmProjects\BOS2\env\Scripts\python.exe" value="false" />
        <entry key="C:\Users\zalecki\PycharmProjects\JiraConnector35\venv\Scripts\python.exe" value="false" />
        <entry key="C:\Users\zalecki\PycharmProjects\JiraPatch\venv\Scripts\python.exe" value="false" />
        <entry key="C:\Users\zalecki\PycharmProjects\flask_tutorial\venv\Scripts\python.exe" value="false" />
        <entry key="C:\Users\zalecki\PycharmProjects\ml\venv\Scripts\python.exe" value="false" />
        <entry key="C:\Users\zalecki\PycharmProjects\my_flask\venv\Scripts\python.exe" value="false" />
        <entry key="C:\Users\zalecki\PycharmProjects\rpg_player-master\venv\Scripts\python.exe" value="false" />
        <entry key="D:\PycharmProjects\BOS2\venv\Scripts\python.exe" value="false" />
        <entry key="D:\PycharmProjects\flask_playground\venv\Scripts\python.exe" value="false" />
        <entry key="D:\Python\python.exe" value="true" />
      </map>
    </option>
    <option name="SDK_TO_TRIALTEST">
      <map>
        <entry key="C:\Users\zalecki\Anaconda3\envs\BOS2\python.exe" value="false" />
        <entry key="C:\Users\zalecki\AppData\Local\Programs\Python\Python35\python.exe" value="false" />
        <entry key="C:\Users\zalecki\AppData\Local\Programs\Python\Python37\python.exe" value="false" />
        <entry key="C:\Users\zalecki\AppData\Local\Programs\Python\Python38\python.exe" value="false" />
        <entry key="C:\Users\zalecki\PycharmProjects\BOS2\env\Scripts\python.exe" value="false" />
        <entry key="C:\Users\zalecki\PycharmProjects\JiraConnector35\venv\Scripts\python.exe" value="false" />
        <entry key="C:\Users\zalecki\PycharmProjects\JiraPatch\venv\Scripts\python.exe" value="false" />
        <entry key="C:\Users\zalecki\PycharmProjects\flask_tutorial\venv\Scripts\python.exe" value="false" />
        <entry key="C:\Users\zalecki\PycharmProjects\ml\venv\Scripts\python.exe" value="false" />
        <entry key="C:\Users\zalecki\PycharmProjects\my_flask\venv\Scripts\python.exe" value="false" />
        <entry key="C:\Users\zalecki\PycharmProjects\rpg_player-master\venv\Scripts\python.exe" value="false" />
        <entry key="D:\PycharmProjects\BOS2\venv\Scripts\python.exe" value="false" />
        <entry key="D:\PycharmProjects\flask_playground\venv\Scripts\python.exe" value="false" />
        <entry key="D:\Python\python.exe" value="false" />
      </map>
    </option>
  </component>
</application>