<application>
    <component name="RainbowSettings">
        <option name="darkRoundBracketsColors">
            <array>
                <option value="0xffd700" />
                <option value="0xda70d6" />
                <option value="0x87cefa" />
            </array>
        </option>
        <option name="darkSquareBracketsColors">
            <array>
                <option value="0xffd700" />
                <option value="0xda70d6" />
                <option value="0x87cefa" />
            </array>
        </option>
        <option name="darkSquigglyBracketsColors">
            <array>
                <option value="0xffd700" />
                <option value="0xda70d6" />
                <option value="0x87cefa" />
            </array>
        </option>
        <option name="enableRainbowAngleBrackets" value="false" />
        <option name="version" value="5.9.1" />
    </component>
</application>
